[{"model": "planetarium.showtheme", "pk": 1, "fields": {"name": "Solar System Exploration"}}, {"model": "planetarium.showtheme", "pk": 2, "fields": {"name": "Galactic Adventure"}}, {"model": "planetarium.showtheme", "pk": 3, "fields": {"name": "Cosmic Wonders"}}, {"model": "planetarium.showtheme", "pk": 4, "fields": {"name": "Journey Through Space"}}, {"model": "planetarium.showtheme", "pk": 5, "fields": {"name": "Stars and Galaxies"}}, {"model": "planetarium.showtheme", "pk": 6, "fields": {"name": "The Life Cycle of Stars"}}, {"model": "planetarium.showtheme", "pk": 7, "fields": {"name": "Exploring Exoplanets"}}, {"model": "planetarium.showtheme", "pk": 8, "fields": {"name": "The Mysteries of Black Holes"}}, {"model": "planetarium.showtheme", "pk": 9, "fields": {"name": "The Big Bang and Beyond"}}, {"model": "planetarium.showtheme", "pk": 10, "fields": {"name": "Cosmic Collisions"}}, {"model": "planetarium.showtheme", "pk": 11, "fields": {"name": "Orbiting the Earth"}}, {"model": "planetarium.showtheme", "pk": 12, "fields": {"name": "The Wonders of Nebulas"}}, {"model": "planetarium.showtheme", "pk": 13, "fields": {"name": "Space Exploration: Past, Present, and Future"}}, {"model": "planetarium.astronomyshow", "pk": 1, "fields": {"title": "Discovering the Solar System", "description": "An in depth look at all the wonders of our solar system, from planets to comets", "image": "", "theme": [1]}}, {"model": "planetarium.astronomyshow", "pk": 2, "fields": {"title": "The Milky Way Experience", "description": "A journey through our galaxy, the Milky Way, exploring stars, nebulas, and more", "image": "", "theme": [2, 5]}}, {"model": "planetarium.astronomyshow", "pk": 3, "fields": {"title": "The Wonders of the Universe", "description": "Explore the most amazing phenomena in our universe, from black holes to supernovae", "image": "", "theme": [3, 6, 8]}}, {"model": "planetarium.astronomyshow", "pk": 4, "fields": {"title": "Exoplanet Exploration", "description": "Delve into the discovery of planets beyond our solar system", "image": "", "theme": [7]}}, {"model": "planetarium.astronomyshow", "pk": 5, "fields": {"title": "Big Bang and Black Holes", "description": "Understand the beginning of the universe and the enigmatic black holes", "image": "", "theme": [8, 9]}}, {"model": "planetarium.astronomyshow", "pk": 6, "fields": {"title": "Collisions in Space", "description": "Learn about cosmic collisions and their impacts on the universe", "image": "", "theme": [10]}}, {"model": "planetarium.astronomyshow", "pk": 7, "fields": {"title": "Earth from Above", "description": "A look at Earth from space, understanding satellites and our planet's environment", "image": "", "theme": [11]}}, {"model": "planetarium.astronomyshow", "pk": 8, "fields": {"title": "Stellar Nebulas", "description": "Explore stellar nurseries and the beautiful nebulas where stars are born", "image": "", "theme": [12]}}, {"model": "planetarium.astronomyshow", "pk": 9, "fields": {"title": "History of Space Exploration", "description": "A journey through the history of space exploration, tracking human achievements", "image": "", "theme": [13]}}, {"model": "planetarium.astronomyshow", "pk": 10, "fields": {"title": "The title of the AstronomyShow", "description": "The description of the AstronomyShow", "image": "", "theme": [1, 2, 3]}}, {"model": "planetarium.planetariumdome", "pk": 1, "fields": {"name": "Galaxy Dome", "rows": 15, "seats_in_row": 20, "price_per_seat": "5.00"}}, {"model": "planetarium.planetariumdome", "pk": 2, "fields": {"name": "Star Dome", "rows": 10, "seats_in_row": 25, "price_per_seat": "4.00"}}, {"model": "planetarium.planetariumdome", "pk": 3, "fields": {"name": "Cosmos Dome", "rows": 20, "seats_in_row": 30, "price_per_seat": "7.00"}}, {"model": "planetarium.planetariumdome", "pk": 4, "fields": {"name": "Universe Dome", "rows": 12, "seats_in_row": 22, "price_per_seat": "9.00"}}, {"model": "planetarium.planetariumdome", "pk": 5, "fields": {"name": "Nebula Dome", "rows": 18, "seats_in_row": 20, "price_per_seat": "6.00"}}, {"model": "planetarium.planetariumdome", "pk": 6, "fields": {"name": "Aurora Dome", "rows": 14, "seats_in_row": 18, "price_per_seat": "11.00"}}, {"model": "planetarium.planetariumdome", "pk": 7, "fields": {"name": "Milky Way Dome", "rows": 16, "seats_in_row": 24, "price_per_seat": "8.00"}}, {"model": "planetarium.planetariumdome", "pk": 8, "fields": {"name": "Supernova Dome", "rows": 11, "seats_in_row": 19, "price_per_seat": "9.00"}}, {"model": "planetarium.planetariumdome", "pk": 9, "fields": {"name": "Meteor Dome", "rows": 13, "seats_in_row": 20, "price_per_seat": "5.00"}}, {"model": "planetarium.planetariumdome", "pk": 10, "fields": {"name": "Planet Dome", "rows": 17, "seats_in_row": 21, "price_per_seat": "6.00"}}, {"model": "planetarium.showsession", "pk": 1, "fields": {"astronomy_show": 1, "planetarium_dome": 1, "show_time": "2024-06-05T17:11:32.097Z"}}, {"model": "planetarium.showsession", "pk": 2, "fields": {"astronomy_show": 2, "planetarium_dome": 2, "show_time": "2024-06-05T17:11:32.103Z"}}, {"model": "planetarium.showsession", "pk": 3, "fields": {"astronomy_show": 3, "planetarium_dome": 3, "show_time": "2024-06-05T17:11:32.106Z"}}, {"model": "planetarium.showsession", "pk": 4, "fields": {"astronomy_show": 4, "planetarium_dome": 4, "show_time": "2024-06-05T17:11:32.108Z"}}, {"model": "planetarium.showsession", "pk": 5, "fields": {"astronomy_show": 5, "planetarium_dome": 5, "show_time": "2024-06-05T17:11:32.110Z"}}, {"model": "planetarium.showsession", "pk": 6, "fields": {"astronomy_show": 6, "planetarium_dome": 6, "show_time": "2024-06-05T17:11:32.112Z"}}, {"model": "planetarium.showsession", "pk": 7, "fields": {"astronomy_show": 7, "planetarium_dome": 7, "show_time": "2024-06-05T17:11:32.114Z"}}, {"model": "planetarium.showsession", "pk": 8, "fields": {"astronomy_show": 8, "planetarium_dome": 8, "show_time": "2024-06-05T17:11:32.115Z"}}, {"model": "planetarium.showsession", "pk": 9, "fields": {"astronomy_show": 9, "planetarium_dome": 9, "show_time": "2024-06-05T17:11:32.116Z"}}, {"model": "planetarium.showsession", "pk": 10, "fields": {"astronomy_show": 2, "planetarium_dome": 5, "show_time": "2024-06-05T17:12:27.332Z"}}, {"model": "planetarium.showsession", "pk": 11, "fields": {"astronomy_show": 2, "planetarium_dome": 5, "show_time": "2024-06-05T17:12:34.550Z"}}, {"model": "planetarium.showsession", "pk": 12, "fields": {"astronomy_show": 5, "planetarium_dome": 1, "show_time": "2024-06-15T18:46:00Z"}}, {"model": "planetarium.showsession", "pk": 13, "fields": {"astronomy_show": 10, "planetarium_dome": 3, "show_time": "2024-06-30T18:46:00Z"}}, {"model": "planetarium.showsession", "pk": 14, "fields": {"astronomy_show": 1, "planetarium_dome": 1, "show_time": "2024-06-05T17:11:32Z"}}, {"model": "planetarium.showsession", "pk": 15, "fields": {"astronomy_show": 1, "planetarium_dome": 1, "show_time": "2024-06-05T17:11:32Z"}}, {"model": "planetarium.reservation", "pk": 1, "fields": {"created_at": "2024-06-05T17:25:37.133Z", "user": 1}}, {"model": "planetarium.reservation", "pk": 2, "fields": {"created_at": "2024-06-05T17:25:40.328Z", "user": 1}}, {"model": "planetarium.reservation", "pk": 3, "fields": {"created_at": "2024-06-05T17:25:41.688Z", "user": 1}}, {"model": "planetarium.reservation", "pk": 4, "fields": {"created_at": "2024-06-05T17:25:42.182Z", "user": 1}}, {"model": "planetarium.reservation", "pk": 5, "fields": {"created_at": "2024-06-05T17:25:42.575Z", "user": 1}}, {"model": "planetarium.reservation", "pk": 6, "fields": {"created_at": "2024-06-05T17:25:44.904Z", "user": 1}}, {"model": "planetarium.reservation", "pk": 7, "fields": {"created_at": "2024-06-05T19:24:46.273Z", "user": 4}}, {"model": "planetarium.reservation", "pk": 8, "fields": {"created_at": "2024-06-05T21:11:20.249Z", "user": 1}}, {"model": "planetarium.reservation", "pk": 9, "fields": {"created_at": "2024-06-05T21:14:33.892Z", "user": 3}}, {"model": "planetarium.reservation", "pk": 10, "fields": {"created_at": "2024-06-05T21:14:35.556Z", "user": 3}}, {"model": "planetarium.reservation", "pk": 11, "fields": {"created_at": "2024-06-05T21:18:42.493Z", "user": 3}}, {"model": "planetarium.reservation", "pk": 12, "fields": {"created_at": "2024-06-06T08:28:14.675Z", "user": 3}}, {"model": "planetarium.reservation", "pk": 13, "fields": {"created_at": "2024-06-06T08:30:23.358Z", "user": 3}}, {"model": "planetarium.reservation", "pk": 14, "fields": {"created_at": "2024-06-06T14:11:21.317Z", "user": 3}}, {"model": "planetarium.reservation", "pk": 15, "fields": {"created_at": "2024-06-06T14:13:00.644Z", "user": 3}}, {"model": "planetarium.reservation", "pk": 16, "fields": {"created_at": "2024-06-07T11:45:23.799Z", "user": 5}}, {"model": "planetarium.reservation", "pk": 17, "fields": {"created_at": "2024-06-10T08:07:16.626Z", "user": 3}}, {"model": "planetarium.reservation", "pk": 18, "fields": {"created_at": "2024-06-10T08:07:24.870Z", "user": 3}}, {"model": "planetarium.reservation", "pk": 19, "fields": {"created_at": "2024-06-10T08:07:29.577Z", "user": 3}}, {"model": "planetarium.reservation", "pk": 20, "fields": {"created_at": "2024-06-10T09:09:43.864Z", "user": 5}}, {"model": "planetarium.reservation", "pk": 21, "fields": {"created_at": "2024-06-10T09:09:48.365Z", "user": 5}}, {"model": "planetarium.ticket", "pk": 1, "fields": {"row": 1, "seat": 1, "show_session": 1, "reservation": 1}}, {"model": "planetarium.ticket", "pk": 2, "fields": {"row": 2, "seat": 3, "show_session": 1, "reservation": 1}}, {"model": "planetarium.ticket", "pk": 3, "fields": {"row": 1, "seat": 19, "show_session": 1, "reservation": 1}}, {"model": "planetarium.ticket", "pk": 4, "fields": {"row": 1, "seat": 18, "show_session": 1, "reservation": 1}}, {"model": "planetarium.ticket", "pk": 5, "fields": {"row": 1, "seat": 2, "show_session": 1, "reservation": 1}}, {"model": "planetarium.ticket", "pk": 6, "fields": {"row": 3, "seat": 3, "show_session": 1, "reservation": 1}}, {"model": "planetarium.ticket", "pk": 7, "fields": {"row": 2, "seat": 4, "show_session": 1, "reservation": 7}}, {"model": "planetarium.ticket", "pk": 8, "fields": {"row": 3, "seat": 5, "show_session": 1, "reservation": 7}}, {"model": "planetarium.ticket", "pk": 9, "fields": {"row": 8, "seat": 3, "show_session": 1, "reservation": 7}}, {"model": "planetarium.ticket", "pk": 10, "fields": {"row": 3, "seat": 4, "show_session": 1, "reservation": 10}}, {"model": "planetarium.ticket", "pk": 11, "fields": {"row": 3, "seat": 9, "show_session": 1, "reservation": 11}}, {"model": "planetarium.ticket", "pk": 12, "fields": {"row": 6, "seat": 7, "show_session": 1, "reservation": 10}}, {"model": "planetarium.ticket", "pk": 13, "fields": {"row": 12, "seat": 12, "show_session": 6, "reservation": 10}}, {"model": "planetarium.ticket", "pk": 14, "fields": {"row": 2, "seat": 9, "show_session": 5, "reservation": 9}}, {"model": "planetarium.ticket", "pk": 15, "fields": {"row": 5, "seat": 8, "show_session": 1, "reservation": 10}}, {"model": "planetarium.ticket", "pk": 16, "fields": {"row": 1, "seat": 1, "show_session": 2, "reservation": 15}}, {"model": "planetarium.ticket", "pk": 17, "fields": {"row": 1, "seat": 2, "show_session": 2, "reservation": 15}}, {"model": "planetarium.ticket", "pk": 18, "fields": {"row": 4, "seat": 9, "show_session": 1, "reservation": 16}}, {"model": "planetarium.ticket", "pk": 19, "fields": {"row": 1, "seat": 1, "show_session": 7, "reservation": 16}}, {"model": "planetarium.ticket", "pk": 20, "fields": {"row": 1, "seat": 1, "show_session": 8, "reservation": 16}}, {"model": "planetarium.ticket", "pk": 21, "fields": {"row": 15, "seat": 20, "show_session": 1, "reservation": 16}}, {"model": "planetarium.ticket", "pk": 22, "fields": {"row": 1, "seat": 1, "show_session": 5, "reservation": 12}}, {"model": "planetarium.ticket", "pk": 23, "fields": {"row": 9, "seat": 10, "show_session": 3, "reservation": 16}}, {"model": "planetarium.ticket", "pk": 24, "fields": {"row": 4, "seat": 5, "show_session": 4, "reservation": 16}}, {"model": "planetarium.ticket", "pk": 25, "fields": {"row": 1, "seat": 9, "show_session": 1, "reservation": 21}}, {"model": "planetarium.ticket", "pk": 26, "fields": {"row": 2, "seat": 9, "show_session": 1, "reservation": 21}}]